{"cameraMode":{"drawMode":0,"name":"Shaded","section":"Shading Mode"},"sceneLighting":true,"audioPlay":false,"sceneViewState":{"showFog":false,"showMaterialUpdate":false,"showSkybox":false,"showFlares":false,"showImageEffects":false,"showParticleSystems":false},"in2DMode":false,"pivot":{"x":-0.9128496646881104,"y":13.88076400756836,"z":-8.039438247680664},"rotation":{"x":0.01649930700659752,"y":0.0008979967678897083,"z":-0.000014889479643898085,"w":0.9998646974563599},"size":25.41213607788086,"orthographic":true}