{"cameraMode":{"drawMode":0,"name":"Shaded","section":"Shading Mode"},"sceneLighting":false,"audioPlay":false,"sceneViewState":{"showFog":false,"showMaterialUpdate":false,"showSkybox":false,"showFlares":false,"showImageEffects":false,"showParticleSystems":false},"in2DMode":false,"pivot":{"x":264.81011962890627,"y":331.4823303222656,"z":-1.6500366926193238},"rotation":{"x":-0.07822346687316895,"y":0.012558291666209698,"z":-0.000985282240435481,"w":-0.9968571066856384},"size":312.9483642578125,"orthographic":false}