{"cameraMode":{"drawMode":0,"name":"Shaded","section":"Shading Mode"},"sceneLighting":true,"audioPlay":false,"sceneViewState":{"showFog":true,"showMaterialUpdate":true,"showSkybox":true,"showFlares":true,"showImageEffects":true,"showParticleSystems":true},"in2DMode":false,"pivot":{"x":-1.5164027214050294,"y":3.077308177947998,"z":-0.42781102657318118},"rotation":{"x":-0.05384116619825363,"y":0.9258489012718201,"z":-0.14448648691177369,"w":-0.3450074791908264},"size":12.261363983154297,"orthographic":false}